section,date,start_time,end_time,availability
S01,2026-09-07,09:00,12:00,Available
S01,2026-09-07,14:00,17:00,Available
S02,2026-09-07,09:00,12:00,Available
S02,2026-09-07,14:00,17:00,Available
S03,2026-09-07,09:00,12:00,Available
S03,2026-09-07,14:00,17:00,Available
S04,2026-09-07,09:00,12:00,Available
S04,2026-09-07,14:00,17:00,Available
S05,2026-09-07,09:00,12:00,Available
S05,2026-09-07,14:00,17:00,Available
S06,2026-09-07,09:00,12:00,Available
S06,2026-09-07,14:00,17:00,Available
S07,2026-09-07,09:00,12:00,Available
S07,2026-09-07,14:00,17:00,Available
S08,2026-09-07,09:00,12:00,Available
S08,2026-09-07,14:00,17:00,Available
S09,2026-09-07,09:00,12:00,Available
S09,2026-09-07,14:00,17:00,Available
S10,2026-09-07,09:00,12:00,Available
S10,2026-09-07,14:00,17:00,Available
S11,2026-09-07,09:00,12:00,Available
S11,2026-09-07,14:00,17:00,Available
S12,2026-09-07,09:00,12:00,Available
S12,2026-09-07,14:00,17:00,Available
S13,2026-09-07,09:00,12:00,Available
S13,2026-09-07,14:00,17:00,Available
S14,2026-09-07,09:00,12:00,Available
S14,2026-09-07,14:00,17:00,Available
S15,2026-09-07,09:00,12:00,Available
S15,2026-09-07,14:00,17:00,Available
S16,2026-09-07,09:00,12:00,Available
S16,2026-09-07,14:00,17:00,Available
S17,2026-09-07,09:00,12:00,Available
S17,2026-09-07,14:00,17:00,Available
S18,2026-09-07,09:00,12:00,Available
S18,2026-09-07,14:00,17:00,Available
S19,2026-09-07,09:00,12:00,Available
S19,2026-09-07,14:00,17:00,Available
S20,2026-09-07,09:00,12:00,Available
S20,2026-09-07,14:00,17:00,Available
S01,2026-09-08,09:00,12:00,Available
S01,2026-09-08,14:00,17:00,Available
S02,2026-09-08,09:00,12:00,Available
S02,2026-09-08,14:00,17:00,Available
S03,2026-09-08,09:00,12:00,Available
S03,2026-09-08,14:00,17:00,Available
S04,2026-09-08,09:00,12:00,Available
S04,2026-09-08,14:00,17:00,Available
S05,2026-09-08,09:00,12:00,Available
S05,2026-09-08,14:00,17:00,Available
S06,2026-09-08,09:00,12:00,Available
S06,2026-09-08,14:00,17:00,Available
S07,2026-09-08,09:00,12:00,Available
S07,2026-09-08,14:00,17:00,Available
S08,2026-09-08,09:00,12:00,Available
S08,2026-09-08,14:00,17:00,Available
S09,2026-09-08,09:00,12:00,Available
S09,2026-09-08,14:00,17:00,Available
S10,2026-09-08,09:00,12:00,Available
S10,2026-09-08,14:00,17:00,Available
S11,2026-09-08,09:00,12:00,Available
S11,2026-09-08,14:00,17:00,Available
S12,2026-09-08,09:00,12:00,Available
S12,2026-09-08,14:00,17:00,Available
S13,2026-09-08,09:00,12:00,Available
S13,2026-09-08,14:00,17:00,Available
S14,2026-09-08,09:00,12:00,Available
S14,2026-09-08,14:00,17:00,Available
S15,2026-09-08,09:00,12:00,Available
S15,2026-09-08,14:00,17:00,Available
S16,2026-09-08,09:00,12:00,Available
S16,2026-09-08,14:00,17:00,Available
S17,2026-09-08,09:00,12:00,Available
S17,2026-09-08,14:00,17:00,Available
S18,2026-09-08,09:00,12:00,Available
S18,2026-09-08,14:00,17:00,Available
S19,2026-09-08,09:00,12:00,Available
S19,2026-09-08,14:00,17:00,Available
S20,2026-09-08,09:00,12:00,Available
S20,2026-09-08,14:00,17:00,Available
S01,2026-09-09,09:00,12:00,Available
S01,2026-09-09,14:00,17:00,Available
S02,2026-09-09,09:00,12:00,Available
S02,2026-09-09,14:00,17:00,Available
S03,2026-09-09,09:00,12:00,Available
S03,2026-09-09,14:00,17:00,Available
S04,2026-09-09,09:00,12:00,Available
S04,2026-09-09,14:00,17:00,Available
S05,2026-09-09,09:00,12:00,Available
S05,2026-09-09,14:00,17:00,Available
S06,2026-09-09,09:00,12:00,Available
S06,2026-09-09,14:00,17:00,Available
S07,2026-09-09,09:00,12:00,Available
S07,2026-09-09,14:00,17:00,Available
S08,2026-09-09,09:00,12:00,Available
S08,2026-09-09,14:00,17:00,Available
S09,2026-09-09,09:00,12:00,Available
S09,2026-09-09,14:00,17:00,Available
S10,2026-09-09,09:00,12:00,Available
S10,2026-09-09,14:00,17:00,Available
S11,2026-09-09,09:00,12:00,Available
S11,2026-09-09,14:00,17:00,Available
S12,2026-09-09,09:00,12:00,Available
S12,2026-09-09,14:00,17:00,Available
S13,2026-09-09,09:00,12:00,Available
S13,2026-09-09,14:00,17:00,Available
S14,2026-09-09,09:00,12:00,Available
S14,2026-09-09,14:00,17:00,Available
S15,2026-09-09,09:00,12:00,Available
S15,2026-09-09,14:00,17:00,Available
S16,2026-09-09,09:00,12:00,Available
S16,2026-09-09,14:00,17:00,Available
S17,2026-09-09,09:00,12:00,Available
S17,2026-09-09,14:00,17:00,Available
S18,2026-09-09,09:00,12:00,Available
S18,2026-09-09,14:00,17:00,Available
S19,2026-09-09,09:00,12:00,Available
S19,2026-09-09,14:00,17:00,Available
S20,2026-09-09,09:00,12:00,Available
S20,2026-09-09,14:00,17:00,Available
S01,2026-09-10,09:00,12:00,Available
S01,2026-09-10,14:00,17:00,Available
S02,2026-09-10,09:00,12:00,Available
S02,2026-09-10,14:00,17:00,Available
S03,2026-09-10,09:00,12:00,Available
S03,2026-09-10,14:00,17:00,Available
S04,2026-09-10,09:00,12:00,Available
S04,2026-09-10,14:00,17:00,Available
S05,2026-09-10,09:00,12:00,Available
S05,2026-09-10,14:00,17:00,Available
S06,2026-09-10,09:00,12:00,Available
S06,2026-09-10,14:00,17:00,Available
S07,2026-09-10,09:00,12:00,Available
S07,2026-09-10,14:00,17:00,Available
S08,2026-09-10,09:00,12:00,Available
S08,2026-09-10,14:00,17:00,Available
S09,2026-09-10,09:00,12:00,Available
S09,2026-09-10,14:00,17:00,Available
S10,2026-09-10,09:00,12:00,Available
S10,2026-09-10,14:00,17:00,Available
S11,2026-09-10,09:00,12:00,Available
S11,2026-09-10,14:00,17:00,Available
S12,2026-09-10,09:00,12:00,Available
S12,2026-09-10,14:00,17:00,Available
S13,2026-09-10,09:00,12:00,Available
S13,2026-09-10,14:00,17:00,Available
S14,2026-09-10,09:00,12:00,Available
S14,2026-09-10,14:00,17:00,Available
S15,2026-09-10,09:00,12:00,Available
S15,2026-09-10,14:00,17:00,Available
S16,2026-09-10,09:00,12:00,Available
S16,2026-09-10,14:00,17:00,Available
S17,2026-09-10,09:00,12:00,Available
S17,2026-09-10,14:00,17:00,Available
S18,2026-09-10,09:00,12:00,Available
S18,2026-09-10,14:00,17:00,Available
S19,2026-09-10,09:00,12:00,Available
S19,2026-09-10,14:00,17:00,Available
S20,2026-09-10,09:00,12:00,Available
S20,2026-09-10,14:00,17:00,Available
S01,2026-09-11,09:00,12:00,Available
S01,2026-09-11,14:00,17:00,Available
S02,2026-09-11,09:00,12:00,Available
S02,2026-09-11,14:00,17:00,Available
S03,2026-09-11,09:00,12:00,Available
S03,2026-09-11,14:00,17:00,Available
S04,2026-09-11,09:00,12:00,Available
S04,2026-09-11,14:00,17:00,Available
S05,2026-09-11,09:00,12:00,Available
S05,2026-09-11,14:00,17:00,Available
S06,2026-09-11,09:00,12:00,Available
S06,2026-09-11,14:00,17:00,Available
S07,2026-09-11,09:00,12:00,Available
S07,2026-09-11,14:00,17:00,Available
S08,2026-09-11,09:00,12:00,Available
S08,2026-09-11,14:00,17:00,Available
S09,2026-09-11,09:00,12:00,Available
S09,2026-09-11,14:00,17:00,Available
S10,2026-09-11,09:00,12:00,Available
S10,2026-09-11,14:00,17:00,Available
S11,2026-09-11,09:00,12:00,Available
S11,2026-09-11,14:00,17:00,Available
S12,2026-09-11,09:00,12:00,Available
S12,2026-09-11,14:00,17:00,Available
S13,2026-09-11,09:00,12:00,Available
S13,2026-09-11,14:00,17:00,Available
S14,2026-09-11,09:00,12:00,Available
S14,2026-09-11,14:00,17:00,Available
S15,2026-09-11,09:00,12:00,Available
S15,2026-09-11,14:00,17:00,Available
S16,2026-09-11,09:00,12:00,Available
S16,2026-09-11,14:00,17:00,Available
S17,2026-09-11,09:00,12:00,Available
S17,2026-09-11,14:00,17:00,Available
S18,2026-09-11,09:00,12:00,Available
S18,2026-09-11,14:00,17:00,Available
S19,2026-09-11,09:00,12:00,Available
S19,2026-09-11,14:00,17:00,Available
S20,2026-09-11,09:00,12:00,Available
S20,2026-09-11,14:00,17:00,Available
S01,2026-09-12,09:00,12:00,Available
S01,2026-09-12,14:00,17:00,Available
S02,2026-09-12,09:00,12:00,Available
S02,2026-09-12,14:00,17:00,Available
S03,2026-09-12,09:00,12:00,Available
S03,2026-09-12,14:00,17:00,Available
S04,2026-09-12,09:00,12:00,Available
S04,2026-09-12,14:00,17:00,Available
S05,2026-09-12,09:00,12:00,Available
S05,2026-09-12,14:00,17:00,Available
S06,2026-09-12,09:00,12:00,Available
S06,2026-09-12,14:00,17:00,Available
S07,2026-09-12,09:00,12:00,Available
S07,2026-09-12,14:00,17:00,Available
S08,2026-09-12,09:00,12:00,Available
S08,2026-09-12,14:00,17:00,Available
S09,2026-09-12,09:00,12:00,Available
S09,2026-09-12,14:00,17:00,Available
S10,2026-09-12,09:00,12:00,Available
S10,2026-09-12,14:00,17:00,Available
S11,2026-09-12,09:00,12:00,Available
S11,2026-09-12,14:00,17:00,Available
S12,2026-09-12,09:00,12:00,Available
S12,2026-09-12,14:00,17:00,Available
S13,2026-09-12,09:00,12:00,Available
S13,2026-09-12,14:00,17:00,Available
S14,2026-09-12,09:00,12:00,Available
S14,2026-09-12,14:00,17:00,Available
S15,2026-09-12,09:00,12:00,Available
S15,2026-09-12,14:00,17:00,Available
S16,2026-09-12,09:00,12:00,Available
S16,2026-09-12,14:00,17:00,Available
S17,2026-09-12,09:00,12:00,Available
S17,2026-09-12,14:00,17:00,Available
S18,2026-09-12,09:00,12:00,Available
S18,2026-09-12,14:00,17:00,Available
S19,2026-09-12,09:00,12:00,Available
S19,2026-09-12,14:00,17:00,Available
S20,2026-09-12,09:00,12:00,Available
S20,2026-09-12,14:00,17:00,Available
S01,2026-09-13,09:00,12:00,Available
S01,2026-09-13,14:00,17:00,Available
S02,2026-09-13,09:00,12:00,Available
S02,2026-09-13,14:00,17:00,Available
S03,2026-09-13,09:00,12:00,Available
S03,2026-09-13,14:00,17:00,Available
S04,2026-09-13,09:00,12:00,Available
S04,2026-09-13,14:00,17:00,Available
S05,2026-09-13,09:00,12:00,Available
S05,2026-09-13,14:00,17:00,Available
S06,2026-09-13,09:00,12:00,Available
S06,2026-09-13,14:00,17:00,Available
S07,2026-09-13,09:00,12:00,Available
S07,2026-09-13,14:00,17:00,Available
S08,2026-09-13,09:00,12:00,Available
S08,2026-09-13,14:00,17:00,Available
S09,2026-09-13,09:00,12:00,Available
S09,2026-09-13,14:00,17:00,Available
S10,2026-09-13,09:00,12:00,Available
S10,2026-09-13,14:00,17:00,Available
S11,2026-09-13,09:00,12:00,Available
S11,2026-09-13,14:00,17:00,Available
S12,2026-09-13,09:00,12:00,Available
S12,2026-09-13,14:00,17:00,Available
S13,2026-09-13,09:00,12:00,Available
S13,2026-09-13,14:00,17:00,Available
S14,2026-09-13,09:00,12:00,Available
S14,2026-09-13,14:00,17:00,Available
S15,2026-09-13,09:00,12:00,Available
S15,2026-09-13,14:00,17:00,Available
S16,2026-09-13,09:00,12:00,Available
S16,2026-09-13,14:00,17:00,Available
S17,2026-09-13,09:00,12:00,Available
S17,2026-09-13,14:00,17:00,Available
S18,2026-09-13,09:00,12:00,Available
S18,2026-09-13,14:00,17:00,Available
S19,2026-09-13,09:00,12:00,Available
S19,2026-09-13,14:00,17:00,Available
S20,2026-09-13,09:00,12:00,Available
S20,2026-09-13,14:00,17:00,Available
S01,2026-09-14,09:00,12:00,Available
S01,2026-09-14,14:00,17:00,Available
S02,2026-09-14,09:00,12:00,Available
S02,2026-09-14,14:00,17:00,Available
S03,2026-09-14,09:00,12:00,Available
S03,2026-09-14,14:00,17:00,Available
S04,2026-09-14,09:00,12:00,Available
S04,2026-09-14,14:00,17:00,Available
S05,2026-09-14,09:00,12:00,Available
S05,2026-09-14,14:00,17:00,Available
S06,2026-09-14,09:00,12:00,Available
S06,2026-09-14,14:00,17:00,Available
S07,2026-09-14,09:00,12:00,Available
S07,2026-09-14,14:00,17:00,Available
S08,2026-09-14,09:00,12:00,Available
S08,2026-09-14,14:00,17:00,Available
S09,2026-09-14,09:00,12:00,Available
S09,2026-09-14,14:00,17:00,Available
S10,2026-09-14,09:00,12:00,Available
S10,2026-09-14,14:00,17:00,Available
S11,2026-09-14,09:00,12:00,Available
S11,2026-09-14,14:00,17:00,Available
S12,2026-09-14,09:00,12:00,Available
S12,2026-09-14,14:00,17:00,Available
S13,2026-09-14,09:00,12:00,Available
S13,2026-09-14,14:00,17:00,Available
S14,2026-09-14,09:00,12:00,Available
S14,2026-09-14,14:00,17:00,Available
S15,2026-09-14,09:00,12:00,Available
S15,2026-09-14,14:00,17:00,Available
S16,2026-09-14,09:00,12:00,Available
S16,2026-09-14,14:00,17:00,Available
S17,2026-09-14,09:00,12:00,Available
S17,2026-09-14,14:00,17:00,Available
S18,2026-09-14,09:00,12:00,Available
S18,2026-09-14,14:00,17:00,Available
S19,2026-09-14,09:00,12:00,Available
S19,2026-09-14,14:00,17:00,Available
S20,2026-09-14,09:00,12:00,Available
S20,2026-09-14,14:00,17:00,Available
S01,2026-09-15,09:00,12:00,Available
S01,2026-09-15,14:00,17:00,Available
S02,2026-09-15,09:00,12:00,Available
S02,2026-09-15,14:00,17:00,Available
S03,2026-09-15,09:00,12:00,Available
S03,2026-09-15,14:00,17:00,Available
S04,2026-09-15,09:00,12:00,Available
S04,2026-09-15,14:00,17:00,Available
S05,2026-09-15,09:00,12:00,Available
S05,2026-09-15,14:00,17:00,Available
S06,2026-09-15,09:00,12:00,Available
S06,2026-09-15,14:00,17:00,Available
S07,2026-09-15,09:00,12:00,Available
S07,2026-09-15,14:00,17:00,Available
S08,2026-09-15,09:00,12:00,Available
S08,2026-09-15,14:00,17:00,Available
S09,2026-09-15,09:00,12:00,Available
S09,2026-09-15,14:00,17:00,Available
S10,2026-09-15,09:00,12:00,Available
S10,2026-09-15,14:00,17:00,Available
S11,2026-09-15,09:00,12:00,Available
S11,2026-09-15,14:00,17:00,Available
S12,2026-09-15,09:00,12:00,Available
S12,2026-09-15,14:00,17:00,Available
S13,2026-09-15,09:00,12:00,Available
S13,2026-09-15,14:00,17:00,Available
S14,2026-09-15,09:00,12:00,Available
S14,2026-09-15,14:00,17:00,Available
S15,2026-09-15,09:00,12:00,Available
S15,2026-09-15,14:00,17:00,Available
S16,2026-09-15,09:00,12:00,Available
S16,2026-09-15,14:00,17:00,Available
S17,2026-09-15,09:00,12:00,Available
S17,2026-09-15,14:00,17:00,Available
S18,2026-09-15,09:00,12:00,Available
S18,2026-09-15,14:00,17:00,Available
S19,2026-09-15,09:00,12:00,Available
S19,2026-09-15,14:00,17:00,Available
S20,2026-09-15,09:00,12:00,Available
S20,2026-09-15,14:00,17:00,Available
S01,2026-09-16,09:00,12:00,Available
S01,2026-09-16,14:00,17:00,Available
S02,2026-09-16,09:00,12:00,Available
S02,2026-09-16,14:00,17:00,Available
S03,2026-09-16,09:00,12:00,Available
S03,2026-09-16,14:00,17:00,Available
S04,2026-09-16,09:00,12:00,Available
S04,2026-09-16,14:00,17:00,Available
S05,2026-09-16,09:00,12:00,Available
S05,2026-09-16,14:00,17:00,Available
S06,2026-09-16,09:00,12:00,Available
S06,2026-09-16,14:00,17:00,Available
S07,2026-09-16,09:00,12:00,Available
S07,2026-09-16,14:00,17:00,Available
S08,2026-09-16,09:00,12:00,Available
S08,2026-09-16,14:00,17:00,Available
S09,2026-09-16,09:00,12:00,Available
S09,2026-09-16,14:00,17:00,Available
S10,2026-09-16,09:00,12:00,Available
S10,2026-09-16,14:00,17:00,Available
S11,2026-09-16,09:00,12:00,Available
S11,2026-09-16,14:00,17:00,Available
S12,2026-09-16,09:00,12:00,Available
S12,2026-09-16,14:00,17:00,Available
S13,2026-09-16,09:00,12:00,Available
S13,2026-09-16,14:00,17:00,Available
S14,2026-09-16,09:00,12:00,Available
S14,2026-09-16,14:00,17:00,Available
S15,2026-09-16,09:00,12:00,Available
S15,2026-09-16,14:00,17:00,Available
S16,2026-09-16,09:00,12:00,Available
S16,2026-09-16,14:00,17:00,Available
S17,2026-09-16,09:00,12:00,Available
S17,2026-09-16,14:00,17:00,Available
S18,2026-09-16,09:00,12:00,Available
S18,2026-09-16,14:00,17:00,Available
S19,2026-09-16,09:00,12:00,Available
S19,2026-09-16,14:00,17:00,Available
S20,2026-09-16,09:00,12:00,Available
S20,2026-09-16,14:00,17:00,Available
S01,2026-09-17,09:00,12:00,Available
S01,2026-09-17,14:00,17:00,Available
S02,2026-09-17,09:00,12:00,Available
S02,2026-09-17,14:00,17:00,Available
S03,2026-09-17,09:00,12:00,Available
S03,2026-09-17,14:00,17:00,Available
S04,2026-09-17,09:00,12:00,Available
S04,2026-09-17,14:00,17:00,Available
S05,2026-09-17,09:00,12:00,Available
S05,2026-09-17,14:00,17:00,Available
S06,2026-09-17,09:00,12:00,Available
S06,2026-09-17,14:00,17:00,Available
S07,2026-09-17,09:00,12:00,Available
S07,2026-09-17,14:00,17:00,Available
S08,2026-09-17,09:00,12:00,Available
S08,2026-09-17,14:00,17:00,Available
S09,2026-09-17,09:00,12:00,Available
S09,2026-09-17,14:00,17:00,Available
S10,2026-09-17,09:00,12:00,Available
S10,2026-09-17,14:00,17:00,Available
S11,2026-09-17,09:00,12:00,Available
S11,2026-09-17,14:00,17:00,Available
S12,2026-09-17,09:00,12:00,Available
S12,2026-09-17,14:00,17:00,Available
S13,2026-09-17,09:00,12:00,Available
S13,2026-09-17,14:00,17:00,Available
S14,2026-09-17,09:00,12:00,Available
S14,2026-09-17,14:00,17:00,Available
S15,2026-09-17,09:00,12:00,Available
S15,2026-09-17,14:00,17:00,Available
S16,2026-09-17,09:00,12:00,Available
S16,2026-09-17,14:00,17:00,Available
S17,2026-09-17,09:00,12:00,Available
S17,2026-09-17,14:00,17:00,Available
S18,2026-09-17,09:00,12:00,Available
S18,2026-09-17,14:00,17:00,Available
S19,2026-09-17,09:00,12:00,Available
S19,2026-09-17,14:00,17:00,Available
S20,2026-09-17,09:00,12:00,Available
S20,2026-09-17,14:00,17:00,Available
S01,2026-09-18,09:00,12:00,Available
S01,2026-09-18,14:00,17:00,Available
S02,2026-09-18,09:00,12:00,Available
S02,2026-09-18,14:00,17:00,Available
S03,2026-09-18,09:00,12:00,Available
S03,2026-09-18,14:00,17:00,Available
S04,2026-09-18,09:00,12:00,Available
S04,2026-09-18,14:00,17:00,Available
S05,2026-09-18,09:00,12:00,Available
S05,2026-09-18,14:00,17:00,Available
S06,2026-09-18,09:00,12:00,Available
S06,2026-09-18,14:00,17:00,Available
S07,2026-09-18,09:00,12:00,Available
S07,2026-09-18,14:00,17:00,Available
S08,2026-09-18,09:00,12:00,Available
S08,2026-09-18,14:00,17:00,Available
S09,2026-09-18,09:00,12:00,Available
S09,2026-09-18,14:00,17:00,Available
S10,2026-09-18,09:00,12:00,Available
S10,2026-09-18,14:00,17:00,Available
S11,2026-09-18,09:00,12:00,Available
S11,2026-09-18,14:00,17:00,Available
S12,2026-09-18,09:00,12:00,Available
S12,2026-09-18,14:00,17:00,Available
S13,2026-09-18,09:00,12:00,Available
S13,2026-09-18,14:00,17:00,Available
S14,2026-09-18,09:00,12:00,Available
S14,2026-09-18,14:00,17:00,Available
S15,2026-09-18,09:00,12:00,Available
S15,2026-09-18,14:00,17:00,Available
S16,2026-09-18,09:00,12:00,Available
S16,2026-09-18,14:00,17:00,Available
S17,2026-09-18,09:00,12:00,Available
S17,2026-09-18,14:00,17:00,Available
S18,2026-09-18,09:00,12:00,Available
S18,2026-09-18,14:00,17:00,Available
S19,2026-09-18,09:00,12:00,Available
S19,2026-09-18,14:00,17:00,Available
S20,2026-09-18,09:00,12:00,Available
S20,2026-09-18,14:00,17:00,Available
S01,2026-09-19,09:00,12:00,Available
S01,2026-09-19,14:00,17:00,Available
S02,2026-09-19,09:00,12:00,Available
S02,2026-09-19,14:00,17:00,Available
S03,2026-09-19,09:00,12:00,Available
S03,2026-09-19,14:00,17:00,Available
S04,2026-09-19,09:00,12:00,Available
S04,2026-09-19,14:00,17:00,Available
S05,2026-09-19,09:00,12:00,Available
S05,2026-09-19,14:00,17:00,Available
S06,2026-09-19,09:00,12:00,Available
S06,2026-09-19,14:00,17:00,Available
S07,2026-09-19,09:00,12:00,Available
S07,2026-09-19,14:00,17:00,Available
S08,2026-09-19,09:00,12:00,Available
S08,2026-09-19,14:00,17:00,Available
S09,2026-09-19,09:00,12:00,Available
S09,2026-09-19,14:00,17:00,Available
S10,2026-09-19,09:00,12:00,Available
S10,2026-09-19,14:00,17:00,Available
S11,2026-09-19,09:00,12:00,Available
S11,2026-09-19,14:00,17:00,Available
S12,2026-09-19,09:00,12:00,Available
S12,2026-09-19,14:00,17:00,Available
S13,2026-09-19,09:00,12:00,Available
S13,2026-09-19,14:00,17:00,Available
S14,2026-09-19,09:00,12:00,Available
S14,2026-09-19,14:00,17:00,Available
S15,2026-09-19,09:00,12:00,Available
S15,2026-09-19,14:00,17:00,Available
S16,2026-09-19,09:00,12:00,Available
S16,2026-09-19,14:00,17:00,Available
S17,2026-09-19,09:00,12:00,Available
S17,2026-09-19,14:00,17:00,Available
S18,2026-09-19,09:00,12:00,Available
S18,2026-09-19,14:00,17:00,Available
S19,2026-09-19,09:00,12:00,Available
S19,2026-09-19,14:00,17:00,Available
S20,2026-09-19,09:00,12:00,Available
S20,2026-09-19,14:00,17:00,Available
S01,2026-09-20,09:00,12:00,Available
S01,2026-09-20,14:00,17:00,Available
S02,2026-09-20,09:00,12:00,Available
S02,2026-09-20,14:00,17:00,Available
S03,2026-09-20,09:00,12:00,Available
S03,2026-09-20,14:00,17:00,Available
S04,2026-09-20,09:00,12:00,Available
S04,2026-09-20,14:00,17:00,Available
S05,2026-09-20,09:00,12:00,Available
S05,2026-09-20,14:00,17:00,Available
S06,2026-09-20,09:00,12:00,Available
S06,2026-09-20,14:00,17:00,Available
S07,2026-09-20,09:00,12:00,Available
S07,2026-09-20,14:00,17:00,Available
S08,2026-09-20,09:00,12:00,Available
S08,2026-09-20,14:00,17:00,Available
S09,2026-09-20,09:00,12:00,Available
S09,2026-09-20,14:00,17:00,Available
S10,2026-09-20,09:00,12:00,Available
S10,2026-09-20,14:00,17:00,Available
S11,2026-09-20,09:00,12:00,Available
S11,2026-09-20,14:00,17:00,Available
S12,2026-09-20,09:00,12:00,Available
S12,2026-09-20,14:00,17:00,Available
S13,2026-09-20,09:00,12:00,Available
S13,2026-09-20,14:00,17:00,Available
S14,2026-09-20,09:00,12:00,Available
S14,2026-09-20,14:00,17:00,Available
S15,2026-09-20,09:00,12:00,Available
S15,2026-09-20,14:00,17:00,Available
S16,2026-09-20,09:00,12:00,Available
S16,2026-09-20,14:00,17:00,Available
S17,2026-09-20,09:00,12:00,Available
S17,2026-09-20,14:00,17:00,Available
S18,2026-09-20,09:00,12:00,Available
S18,2026-09-20,14:00,17:00,Available
S19,2026-09-20,09:00,12:00,Available
S19,2026-09-20,14:00,17:00,Available
S20,2026-09-20,09:00,12:00,Available
S20,2026-09-20,14:00,17:00,Available
